id,email,first_name,last_name,password,age
1,msprowell0@smh.com.au,Mada,Sprowell,"aT3,Y0)G9.p*qrf",12
2,aminocchi1@merriam-webster.com,Ado,Minocchi,eL6#`(Pibas,9
3,nlandsbury2@fastcompany.com,Novelia,Landsbury,uO2?b#>P?DuK,12
4,ogrunder3@yolasite.com,Otto,Grunder,hQ6!CM'},10
5,igoode4@go.com,Ivory,Goode,wW3||`W0H,9
6,bmecozzi5@mail.ru,Basilius,Mecozzi,dF2.x>}Ynwvm,11
7,rexter6@jimdo.com,Rog,Exter,rU2@Uro4sL,10
8,hromanini7@canalblog.com,Hagan,Romanini,oZ7$5#9e&tV>X18z,9
9,aandrysiak8@yale.edu,Appolonia,Andrysiak,dN7`oESDcE,8
10,pgiovanardi9@oakley.com,Petronia,Giovanardi,lW9)Z3/=)E,11
11,barntzena@surveymonkey.com,Bradly,Arntzen,"dT1{H=@Y.""",12
12,jdaggb@tumblr.com,Jacynth,Dagg,xY5{4\%eHw,9
13,rsegoec@themeforest.net,Rachael,Segoe,hM6?@=Eio|B,12
14,dcoulterd@t-online.de,Diahann,Coulter,lA4>'c1HSt`67dRs,8
15,acornese@ustream.tv,Adelice,Cornes,bP4{66v0iWjQj},12
16,corumf@discovery.com,Collen,Orum,yK2<{y(cVs0(,8
17,hdannohlg@squarespace.com,Hort,Dannohl,cW8!+!QEi,10
18,jknowlesh@examiner.com,Jeannette,Knowles,qH1}V_~$QDs*,10
19,lkleueri@vkontakte.ru,Lil,Kleuer,"wC4,}/u~%ZOccQX}",9
20,kkahenj@yale.edu,King,Kahen,"tZ9""5$D1",10
21,shendrickk@cpanel.net,Shell,Hendrick,hD9/NpVF~<e,12
22,coroanl@telegraph.co.uk,Camilla,O'Roan,dZ2(M/!c5Y{,11
23,jpickeringm@miibeian.gov.cn,James,Pickering,rA6>C4}|*Bu\iX.s,10
24,rmarvaln@themeforest.net,Rodrigo,Marval,"vV3""VE0Ex",8
25,gjeskeo@arizona.edu,Gretta,Jeske,dU7~@hl#zJ7r%D,11
26,fokeefep@discovery.com,Fair,O'Keefe,"qY7~d""{D7k%",12
27,nmyderscoughq@biblegateway.com,Nappie,Myderscough,nA7_n4MzhPt,10
28,cwinwrightr@ted.com,Cristine,Winwright,pU6#E5%cCUis,9
29,avasilischevs@japanpost.jp,Alex,Vasilischev,oN7+_BsZ'}G',10
30,gcorriet@rambler.ru,Gilberta,Corrie,sJ9>9zSXts2m'%,8
31,gcaminu@ow.ly,Giustino,Camin,"kZ5@4jV""ks",12
32,gbettleyv@typepad.com,Gabi,Bettley,oI3&<\6YH#R,10
33,jgorckew@reverbnation.com,Jordain,Gorcke,bJ5=(09o6J<R,8
34,cveldmanx@dropbox.com,Cele,Veldman,yI8<%L`%U0?hvu,11
35,kdubbery@canalblog.com,Kellie,Dubber,pN9+Ruv7a<LETdPa,9
36,vbandz@google.co.uk,Venus,Band,oH5/FlH!,9
37,smattisssen10@unicef.org,Sile,Mattisssen,"fV6,|f9!9",10
38,pperfitt11@moonfruit.com,Petronia,Perfitt,dM0$&1a<GKs`,12
39,owickwarth12@hibu.com,Orin,Wickwarth,lM2{dt60E,8
40,jlycett13@ow.ly,Jackie,Lycett,lP5{=968v5PLOn?4,12
41,amachans14@mayoclinic.com,Alphonse,Machans,gD4?!I{X&B,12
42,crulton15@dell.com,Calli,Rulton,dN4=2FlIrQ6zCLz,11
43,lbruna16@shinystat.com,Leonardo,Bruna,"xG2),xhnkW?Z",10
44,rlucas17@cnn.com,Robbie,Lucas,dG0@mwt6,9
45,acaig18@comsenz.com,Alene,Caig,gX3&BOw0Ayli,9
46,fbudibent19@soundcloud.com,Fifine,Budibent,nU3&..s_B4y*<w,12
47,jponsford1a@examiner.com,Jackelyn,Ponsford,"pO6',&bqr~!",10
48,bvonsalzberg1b@aboutads.info,Briant,Von Salzberg,hK6~&E&=71i,8
49,gbertolaccini1c@webnode.com,Grove,Bertolaccini,cL3*GT}TFzrb,12
50,wshmyr1d@reverbnation.com,Warren,Shmyr,aO5|gvyhs{,11
51,tbarck1e@360.cn,Tatum,Barck,jB7'O$2t,8
52,abarkas1f@eventbrite.com,Archy,Barkas,qG2|2wSg6Wq,11
53,egloves1g@com.com,Elene,Gloves,kK0&iDTP$Ee!$MH,12
54,rdumberrill1h@hatena.ne.jp,Reba,Dumberrill,jE8#TqYsZ4LV'm,12
55,bamner1i@diigo.com,Basil,Amner,uE9}~c?b<D,12
56,ostutard1j@cafepress.com,Orbadiah,Stutard,rX9#D?nQ?Zu>,12
57,avigneron1k@gravatar.com,Arty,Vigneron,hT3=Az/r,10
58,imiddas1l@hibu.com,Ibrahim,Middas,eF6'il3O{f,12
59,jciccottini1m@tiny.cc,Jessie,Ciccottini,"dA4,}lpP1""f",11
60,ctorfin1n@reference.com,Clara,Torfin,"hE1!9_4l#r""",11
61,ntottem1o@google.co.jp,Nye,Tottem,"vY0.KFonf""K|",10
62,jsedwick1p@businessweek.com,Jan,Sedwick,tM2{TjOa=s|,11
63,tcritoph1q@prnewswire.com,Terza,Critoph,bJ5}BT}&q)Q71T,11
64,rocorren1r@ed.gov,Raff,O'Corren,uX6.vze\%5Nj*,10
65,hbilyard1s@mapy.cz,Hoebart,Bilyard,"vU5'kM7""?Fz#5i<",8
66,iswede1t@oaic.gov.au,Inesita,Swede,yK6*_%XZT,10
67,bleber1u@gov.uk,Bert,Leber,zJ1{~DU`tDw~eD,12
68,vbaldacchi1v@tripod.com,Vincents,Baldacchi,dF6_Ei9igoC,10
69,mrizzello1w@toplist.cz,Mirelle,Rizzello,iO8*wW0Lq,8
70,eritchie1x@amazon.de,Euphemia,Ritchie,fK9~}lOB,8
71,mciccoloi1y@economist.com,Missy,Ciccoloi,zR9{W/3GTy{,9
72,mlivesay1z@webmd.com,Maddi,Livesay,vZ4&1bf*4,10
73,wbielfeldt20@freewebs.com,Willie,Bielfeldt,fF4?h)c&W,10
74,yuwins21@google.co.jp,Yulma,Uwins,kP8(j4z@</{u`I,10
75,reasthope22@blogs.com,Richmound,Easthope,lI2_q%7prx|%hh,10
76,scornely23@exblog.jp,Shell,Cornely,dM6{mN2U/nM9pL,10
77,ccoxall24@booking.com,Cherin,Coxall,iD9{XB/g,12
78,kkeane25@123-reg.co.uk,Karly,Keane,fF1`gY{)CNeHavR,12
79,kkitchingman26@photobucket.com,Kynthia,Kitchingman,iC5$.e<Bi8HJ,10
80,elaskey27@google.cn,Evangelin,Laskey,oZ7)J{eq,12
81,inorcutt28@economist.com,Isidro,Norcutt,"kO0""y{t=nSY'9rp",10
82,agrimsey29@economist.com,Abraham,Grimsey,"zH8?6G\k""",9
83,tfullilove2a@harvard.edu,Tully,Fullilove,jC8~iteJOROKuo,11
84,zhasnney2b@photobucket.com,Zea,Hasnney,iB0)gQqbp%MY&5,9
85,mjakucewicz2c@soundcloud.com,Myles,Jakucewicz,yY0`0L\@w2v,12
86,gthews2d@sciencedaily.com,Goraud,Thews,"gE4_""JBn{_B",12
87,ascowcraft2e@guardian.co.uk,Ad,Scowcraft,eK2\Xg*W&r\,10
88,cforth2f@wisc.edu,Chrotoem,Forth,aC6>BwULM/1O/C,8
89,aflippelli2g@jiathis.com,Antonio,Flippelli,iI3>KlbAZmW,8
90,afoch2h@senate.gov,Ashlin,Foch,eX1=W/W>O$,12
91,madaway2i@tripod.com,Melinde,Adaway,uL8=kx<ZQy.,10
92,cstimpson2j@youtube.com,Corney,Stimpson,xE4.hS}!AaD<,9
93,rborghese2k@epa.gov,Ramsey,Borghese,jW3/yyOCJZ9N,9
94,lmora2l@wikispaces.com,Linell,Mora,aM8'ge`jx(},9
95,mtomovic2m@cloudflare.com,Melantha,Tomovic,dS1$I5jjkMb7zfQ,12
96,nbroxis2n@reddit.com,Nettle,Broxis,oQ3*%C|s'R{,9
97,nmccaughey2o@bloglines.com,Noble,McCaughey,bE0*u.#whI,12
98,tscarman2p@harvard.edu,Tiena,Scarman,uK2+.xgZ9FF/C4,12
99,pperrett2q@infoseek.co.jp,Phylys,Perrett,dD9/KS%z%,12
100,jdaskiewicz2r@google.de,Jorrie,Daskiewicz,yX9~J0NooStsP,10
101,datley2s@google.com.au,Dukey,Atley,wL4)i\*s.,9
102,zivashkov2t@google.nl,Zondra,Ivashkov,bR4.IPpAL@=_e1,8
103,lkrink2u@blogspot.com,Link,Krink,xM2=Gc!nhUC,9
104,rbearman2v@yellowpages.com,Reinaldo,Bearman,yG9'+sQC,8
105,amott2w@feedburner.com,Ahmad,Mott,qP9`hMk+NRs9GdM,8
106,gpentecust2x@godaddy.com,Guillema,Pentecust,"fO6#61ONM7mx,",12
107,ccapinetti2y@un.org,Carlin,Capinetti,cO1|4<NQ}3>tSb,9
108,kconeybeare2z@ftc.gov,Kelcie,Coneybeare,eY4&s|AR,11
109,kkirkebye30@phoca.cz,Kahaleel,Kirkebye,pD2(K\yW,8
110,abarfford31@army.mil,Ambrose,Barfford,lG9`RfJ$,11
111,tmincini32@google.de,Traci,Mincini,lP1~O}uLn,9
112,dnelle33@tinyurl.com,Donavon,Nelle,pF2<S_0g,9
113,kudale34@tinypic.com,Karlee,Udale,iD8/Uy=C,10
114,erodolico35@shareasale.com,Ezechiel,Rodolico,wI0<0Tj&{|uX,9
115,nblinco36@fema.gov,Naomi,Blinco,cO9}Jw7V,12
116,hgreenrde37@bloglines.com,Hendrik,Greenrde,"cH1/RQ,Sy!{D",11
117,acoronas38@tamu.edu,Alvan,Coronas,"qT3>""()Y@ax7x>h$",9
118,sgapper39@nytimes.com,Sheree,Gapper,"fT8+Bd7#}+as<,",10
119,dcolton3a@dyndns.org,Dare,Colton,rN5_Ec&bq4F|#t,12
120,ineville3b@weibo.com,Illa,Neville,gI0$WinS2xW,12
121,avashchenko3c@linkedin.com,Austen,Vashchenko,"bB6""jy@pFMb",10
122,jniset3d@bandcamp.com,Jude,Niset,yJ7|xi$o98XZS{g,8
123,sackrill3e@behance.net,Skippy,Ackrill,"nS7=9k1""6A@bIap",10
124,pmoye3f@gravatar.com,Phebe,Moye,"wA7$IV)BnL""HA,",10
125,cwarboys3g@behance.net,Claudio,Warboys,rI9!2l%D,10
126,echatan3h@biblegateway.com,Elia,Chatan,hA0_G@AT},11
127,ghellicar3i@infoseek.co.jp,Gweneth,Hellicar,"uI5<kw{""4",11
128,sbattaille3j@photobucket.com,Sheena,Battaille,tK8_E0N(T4=,11
129,mmabbett3k@google.ca,Maxim,Mabbett,eJ4(*P~x<N,11
130,sjoist3l@elpais.com,Sabra,Joist,sX9+iT0**.|6J+Hy,11
131,yclewarth3m@intel.com,Yalonda,Clewarth,yI6_PkgO,9
132,nbartlomieczak3n@jugem.jp,Niki,Bartlomieczak,bS4/iN/X4$nThE*,12
133,bbrocking3o@adobe.com,Barrie,Brocking,kX9$7XEg\GJFkrme,8
134,csudell3p@mapy.cz,Camille,Sudell,bW8.*!Wv)R|8Rn,9
135,ureader3q@hc360.com,Udell,Reader,kX9}wtm/i5,11
136,kpardy3r@accuweather.com,Kirby,Pardy,"lO8.w)c',\p",10
137,gstampe3s@github.com,Glenden,Stampe,kW0\LZbx@M,8
138,rtosdevin3t@dell.com,Rocky,Tosdevin,"qF3~E<@Q""#",10
139,educhatel3u@youtu.be,Emogene,Duchatel,"yD7,.jx\Mj<ue",12
140,rgreatbank3v@google.com,Rebekah,Greatbank,"wW3#E$""k",12
141,rdeinert3w@reverbnation.com,Roda,Deinert,aR5!&c2cgu%HC,12
142,ssimkin3x@jigsy.com,Sibby,Simkin,oH9\1l`e~,12
143,mstubbings3y@huffingtonpost.com,Micheal,Stubbings,gJ3%U7RF!$\0p,11
144,npostlewhite3z@fda.gov,Nixie,Postlewhite,xF0%MF5)78l7ze|,11
145,jtrittam40@joomla.org,Johannes,Trittam,iE1`MKUc.,11
146,fivoshin41@hostgator.com,Francklyn,Ivoshin,yV5=xqQ.<)5u,8
147,rhackly42@nymag.com,Rozella,Hackly,pA3*i+d*w,8
148,mbattams43@ed.gov,Mattias,Battams,zN1&Uf7p!<6M.p,10
149,hiacoviello44@eepurl.com,Hayyim,Iacoviello,oU8@>WzY*,9
150,dwyllt45@nature.com,Damaris,Wyllt,"eX3,3.t<Z3",10
151,medgerley46@ovh.net,Marybeth,Edgerley,hJ7?t1/AuJqL,10
152,slondors47@sciencedaily.com,Sheppard,Londors,"pJ0,&GUG",12
153,esmitten48@google.de,Emlynne,Smitten,"nQ0,O/E>1HeoW",11
154,hbrame49@amazonaws.com,Henriette,Brame,"iC9.eyNJ,bW",10
155,jpoynter4a@spiegel.de,Josey,Poynter,nB2)Fu\GCdJXpF,9
156,ctry4b@cpanel.net,Carmel,Try,"oI3/U9GmcAB""4",8
157,lshrimpling4c@mayoclinic.com,Lorry,Shrimpling,yL4<Cqf07T,10
158,cjoscelin4d@livejournal.com,Cassandra,Joscelin,lO3}}w#5!(1_n,8
159,kkullmann4e@hugedomains.com,Karita,Kullmann,qY7_BACjy!v'MWw8,12
160,romara4f@apache.org,Ruy,O' Mara,"oH9<gwPXnTE,m""",12
161,slyness4g@pinterest.com,Sadella,Lyness,mG5.%>@CW*%U,11
162,memilien4h@cmu.edu,Marjy,Emilien,"pK9`omcrgoQ,",8
163,dclayworth4i@jalbum.net,Daron,Clayworth,zL6`|~eS,12
164,tleheude4j@webeden.co.uk,Tana,Leheude,hQ6{N!zXE49k,8
165,sprott4k@theguardian.com,Steffane,Prott,"dW5_Vp,A..v)<M",10
166,cgaylor4l@hud.gov,Cassie,Gaylor,eO0!9BG{3=,9
167,vmorrell4m@dyndns.org,Van,Morrell,hP4+&RQj$ceXr4,9
168,kgraham4n@over-blog.com,Klemens,Graham,lY8(Mvb&y7J*biD2,9
169,cmontfort4o@ihg.com,Carmel,Montfort,jZ2?~J{EDE5J3D\&,10
170,hbuswell4p@meetup.com,Hastie,Buswell,"wU1"")b)3",9
171,ssnepp4q@yelp.com,Shell,Snepp,"qK9#9.*,Lxj(R",10
172,kedscer4r@hud.gov,Karyl,Edscer,oE7_\QSe&F\RHV,12
173,gspreckley4s@chicagotribune.com,Gale,Spreckley,yD7`yPk}28Blf_M,10
174,ldeaconson4t@wisc.edu,Linette,Deaconson,qV8>`P).,9
175,rdoniso4u@woothemes.com,Reta,Doniso,jV1@4ezgQd,8
176,tthurlborn4v@meetup.com,Torrey,Thurlborn,"oV8""oO_B",8
177,icarmont4w@arstechnica.com,Ignacius,Carmont,yR0+y)IIl9uuwL,11
178,aberrycloth4x@forbes.com,Ainsley,Berrycloth,iX0'zxmidT'cY,9
179,cgoundrill4y@pinterest.com,Cosetta,Goundrill,"cU9$n7B(S7H<.x(""",9
180,overrillo4z@addthis.com,Olympia,Verrillo,aQ8)>}pM,8
181,sroman50@mozilla.com,Suzette,Roman,mA6\(fw/)Bov,9
182,fmangam51@gnu.org,Frederica,Mangam,pF5?P!rMe8J}q8t,10
183,wgledhill52@google.nl,Wally,Gledhill,oD3%Klq$?xP5,12
184,dphelip53@bloglines.com,Duane,Phelip,pN1}\(2o6G,12
185,pbendig54@unicef.org,Petronia,Bendig,"rV1!""%o,U)",10
186,cvigus55@instagram.com,Cissiee,Vigus,fV5<)S=V6L8?1Pz,10
187,neydel56@upenn.edu,Noami,Eydel,xC7'?XD\5\W,9
188,aroom57@gov.uk,Artemis,Room,hH0*SKae_#j,10
189,gklauer58@illinois.edu,Gerianna,Klauer,tR5!.D!Hpp4/g},9
190,bbyrnes59@stumbleupon.com,Bjorn,Byrnes,zP3+D'jC@_,9
191,bwhittam5a@cbc.ca,Borg,Whittam,rL8<9S&JI<`A,9
192,twagstaffe5b@reference.com,Tamqrah,Wagstaffe,aK0.i7Bt,11
193,eblamires5c@naver.com,Ernie,Blamires,oV3.CMnQ.WWDq8D,11
194,mandrieu5d@umich.edu,Meyer,Andrieu,lQ8<IgOO5,8
195,acrosbie5e@google.com,Ailene,Crosbie,qU2*w0y%uT,12
196,rallston5f@berkeley.edu,Roarke,Allston,fV7'xJt4s)$EC)1,8
197,sfackrell5g@cmu.edu,Samson,Fackrell,lR1#k2KU215,9
198,hboumphrey5h@github.com,Hartley,Boumphrey,"fO3=R1t6},w`b|l",10
199,dhanshaw5i@twitter.com,Dierdre,Hanshaw,vU3#jX*qXUB\@,9
200,bivanikhin5j@wunderground.com,Britta,Ivanikhin,uZ1&Tc~t{Kh'z{/,8
201,theinssen5k@auda.org.au,Tim,Heinssen,sO2`<`CaXXn,10
202,wcurrey5l@mlb.com,Ware,Currey,"fK5~5""/}0NA",8
203,rokeeffe5m@i2i.jp,Raye,O'Keeffe,iM8\CWth'C,11
204,tdallimore5n@pinterest.com,Tedd,Dallimore,uA2>00#<+b4,12
205,ddicty5o@google.com.hk,Darin,Dicty,lY1.AB_(+ysc,10
206,ccossem5p@un.org,Candide,Cossem,"cN0_Q(42,8)WK",8
207,lshellsheere5q@zimbio.com,Laureen,Shellsheere,jB8|9cg5wn_,12
208,epassey5r@miitbeian.gov.cn,Edie,Passey,qX6&eO7{{DY|V',10
209,mschneider5s@yellowpages.com,Mylo,Schneider,sV7`E2%Y(l%<n,11
210,hduke5t@noaa.gov,Humbert,Duke,"nV7,7Mc.5%L",11
211,wwinslett5u@weather.com,Willard,Winslett,wK7>F`wjC?u%l,11
212,hstorie5v@wp.com,Hettie,Storie,bT4)kUn8ERSpVr,12
213,mgisburne5w@cnbc.com,Morgen,Gisburne,eC3=un6GCVL,9
214,jboullen5x@yolasite.com,Jereme,Boullen,mH3+@yTSer{(`Pms,11
215,cnardrup5y@printfriendly.com,Craig,Nardrup,oY4=5Y.mE0FQ,11
216,gimlacke5z@tripadvisor.com,Gwendolen,Imlacke,uA1/0#EU*0niGpQO,10
217,asawrey60@oaic.gov.au,Allyn,Sawrey,xO5)a~akKts,12
218,tvan61@webs.com,Theodor,Van,pL7/<RubC/I/*,10
219,dwolseley62@bigcartel.com,Danella,Wolseley,"zB4~K""<@T7gZn1",8
220,spersitt63@delicious.com,Stephi,Persitt,"jB2`Lf$,",9
221,uheffernon64@github.io,Ulrike,Heffernon,"lK4""vv(J_Yda",12
222,gtrenoweth65@salon.com,Gerrilee,Trenoweth,oV0~wxdZQ,11
223,astawell66@toplist.cz,Alejandro,Stawell,sZ5}KtFVaj,11
224,blangford67@cafepress.com,Benedikt,Langford,uE4`n=z*VM$6A`,12
225,mbecraft68@geocities.jp,Maxie,Becraft,cV4|G}vqut*F,12
226,bcodeman69@tinyurl.com,Branden,Codeman,iO1/98)4AuXa,10
227,bcalvie6a@kickstarter.com,Base,Calvie,oC4..TED%x,10
228,tgreguol6b@gmpg.org,Terry,Greguol,kH5?K?vHVE{n\d,12
229,spreene6c@cornell.edu,Sheba,Preene,gP7=XLII0e,9
230,akohler6d@house.gov,Amalee,Kohler,lQ5>R9BW,12
231,vdovington6e@myspace.com,Vivyanne,Dovington,bJ6>E=@Q'OwojToH,10
232,wbenoi6f@ask.com,West,Benoi,kX3=ECu74FZg|S2,9
233,pcorradi6g@tumblr.com,Philly,Corradi,aL4$C)??>H0,9
234,fsherer6h@yelp.com,Felipa,Sherer,rL2%zs9%(A,12
235,cgrabbam6i@linkedin.com,Collete,Grabbam,vI7+xvLnw2l6DWO`,12
236,smccrorie6j@yelp.com,Stefano,McCrorie,kS8=3+)|OMEUjla?,10
237,rblackman6k@uol.com.br,Rainer,Blackman,qY9_L~~unV,12
238,lbrager6l@statcounter.com,Lorrin,Brager,sS7=(Ql5TH3Q4,10
239,rcrathorne6m@sun.com,Ronny,Crathorne,yQ3'rU+cQx$,8
240,skinchin6n@w3.org,Spencer,Kinchin,"fJ9,F{k9Y7",11
241,wstolworthy6o@purevolume.com,Westbrooke,Stolworthy,bP9.~)m4h,12
242,mwitul6p@1688.com,Monica,Witul,gM0~c\t731\E,10
243,gstorrock6q@xrea.com,Godart,Storrock,dI1)\Cdk'=+97&A,9
244,bwalaron6r@lycos.com,Beverie,Walaron,mT0!GyXUc{t,10
245,slincke6s@buzzfeed.com,Shoshana,Lincke,pD2{+q7hD8!z3%,8
246,swinmill6t@networksolutions.com,Shadow,Winmill,cN2{7HFtJ{,11
247,mtamlett6u@archive.org,Martin,Tamlett,eM3$|sFP(RiYGt,8
248,jmuldowney6v@answers.com,Janet,Muldowney,"mL6)/Lh""%@+9W>iK",8
249,asmitherham6w@hhs.gov,Ashlee,Smitherham,xS5#P=9v?|f%IGR,10
250,scamillo6x@un.org,Symon,Camillo,"vZ1>""D|*",8
251,bpengelley6y@wufoo.com,Brandtr,Pengelley,yF9>uc9#5{p`,12
252,adornan6z@cyberchimps.com,Allen,Dornan,nX9=aM(P3yo~iU0G,12
253,csamet70@eventbrite.com,Cherri,Samet,pB5$6'qZWMywxtI,11
254,gdowdney71@nps.gov,Gennie,Dowdney,nA9!ccU3=S,12
255,kcoughlin72@cornell.edu,Kacey,Coughlin,"hK0""ZA,n,Ka",9
256,dcoppen73@time.com,Dore,Coppen,oF2{r@Qajf)dH+Z,10
257,jaudibert74@msu.edu,Joshua,Audibert,pB9@Y0Q@og,8
258,bclemes75@ustream.tv,Bellina,Clemes,"nO9#,<tKUz=a}",10
259,tlednor76@mozilla.com,Tara,Lednor,iJ4`AdfBD>W!Oj,10
260,hdoe77@exblog.jp,Hurlee,Doe,iO3>%&/\a,11
261,ifullstone78@posterous.com,Ivar,Fullstone,vK1=%Gr3l}E,9
262,bbriance79@last.fm,Brade,Briance,eP5/(!\@)%,9
263,bspillane7a@youtube.com,Bartolomeo,Spillane,yK9*g!e1q8MH/NV<,11
264,lenion7b@uol.com.br,Luise,Enion,wV2<eTezOe,11
265,hscholfield7c@studiopress.com,Hilda,Scholfield,qB7_fF<<DFy,9
266,vbarnsdall7d@google.de,Vera,Barnsdall,uG8#9MG),10
267,cformby7e@so-net.ne.jp,Catharine,Formby,"iC5$mo5V,T_62",8
268,nspore7f@elpais.com,Nonie,Spore,"bC1<yFG?,jDfj50k",12
269,hpoynser7g@ebay.co.uk,Hill,Poynser,"lA5,\""?T_56$",10
270,tmossop7h@alexa.com,Trudey,Mossop,vE7(mXBXE_MhZI,9
271,jbener7i@google.co.jp,Joseito,Bener,"lC0,>Fz&3@9",9
272,pbraunle7j@opera.com,Paige,Braunle,aV9&rzXBfqd7,8
273,tharbin7k@whitehouse.gov,Tabb,Harbin,"hE7>Q""iwrb~YW",12
274,vwiggans7l@businessinsider.com,Vonny,Wiggans,dM6&f1cFd+{$0`,11
275,cknowlden7m@i2i.jp,Clarie,Knowlden,mF8?Qe<vx3pF$,10
276,cfeilden7n@si.edu,Cecil,Feilden,zY7~AfzZ/u<3,10
277,bwoolvin7o@youtu.be,Bari,Woolvin,gQ2_r%E3|F\e#,11
278,mserfati7p@last.fm,Mallory,Serfati,aS2'ik3!V$0hdr,9
279,mslocom7q@comsenz.com,Madonna,Slocom,"zI9$,zzq4L",12
280,msimonaitis7r@ibm.com,Marketa,Simonaitis,jH0@lxbEIRX,8
281,knoonan7s@e-recht24.de,Kristel,Noonan,rB2$s2p?Zg,10
282,snorthley7t@com.com,Sergeant,Northley,cL2!O#+q`si4,10
283,lbartens7u@1und1.de,Leonardo,Bartens,qY9.Ai.C4,10
284,ktradewell7v@theguardian.com,Karyn,Tradewell,mX3`N8GvD5h,8
285,edollimore7w@w3.org,Erma,Dollimore,uQ9{hf(?!eNE(#V,8
286,swhenham7x@goodreads.com,Saree,Whenham,lC8*6j61*L/,12
287,cpleven7y@reference.com,Catha,Pleven,eM7<>It|z$rYtq&,8
288,rmingaud7z@csmonitor.com,Rolf,Mingaud,fL5<ZH\q,12
289,dtrusty80@tuttocitta.it,Deloria,Trusty,oJ0(>Hv74,12
290,lyelden81@eventbrite.com,Leonard,Yelden,fH6`LP!s@,11
291,ncobbald82@histats.com,Nehemiah,Cobbald,cU1)a6#.,8
292,tmeldon83@csmonitor.com,Torey,Meldon,sQ5@a%`cOh)*_Sx,9
293,vmcnickle84@imgur.com,Virginia,McNickle,"hT9,O!FJLA7fyg",11
294,mfells85@e-recht24.de,Monro,Fells,"xS9#0,O7Ru&!&",11
295,mpimblott86@clickbank.net,Muhammad,Pimblott,nF8%LBC#s78s&,9
296,bleader87@flavors.me,Barty,Leader,"aD1>0M""y_BJOF_6",12
297,tcutler88@apple.com,Tessie,Cutler,aY4~NQ`A}_\,11
298,dmccrostie89@statcounter.com,Dario,McCrostie,qW2$88?xT7cZk9Sz,8
299,bamberg8a@dyndns.org,Brittni,Amberg,rS1{Bej|9M7j3,10
300,fofogarty8b@princeton.edu,Fania,O'Fogarty,xE1*=r!Lq98f,12
301,rkleinhaus8c@java.com,Roley,Kleinhaus,sS0\!o#X~t}48y,12
302,ebarribal8d@goo.gl,Ermin,Barribal,hD3`x*d~mOqJrok,8
303,ablankman8e@usnews.com,Andy,Blankman,xE0@U&AWR2rBAT{n,9
304,miles8f@zimbio.com,Marline,Iles,"qZ8\h``V3""?z>g",11
305,wforsard8g@goodreads.com,Winifield,Forsard,gD4+`/}`6,9
306,mhubball8h@merriam-webster.com,Martynne,Hubball,"aR0""ClB/)jL",8
307,eruit8i@google.com,Ernst,Ruit,pI5.I8J+\,9
308,kradke8j@nhs.uk,Koralle,Radke,jC3'%cuAs,12
309,ebierton8k@miitbeian.gov.cn,Esma,Bierton,kY7<L'wH,8
310,leastes8l@spotify.com,Lucy,Eastes,xK5*$ynT+~n8NyId,12
311,bspratley8m@dagondesign.com,Branden,Spratley,aG6?kqmqn%v3y,10
312,ballix8n@aboutads.info,Brianna,Allix,kO5@@\V+_,10
313,bfullard8o@imdb.com,Bastien,Fullard,nP3%Zjll6#f&`su,8
314,rkorneichik8p@narod.ru,Reece,Korneichik,sY7|#hfD4w{L,10
315,cmccullough8q@aol.com,Corrinne,McCullough,xW7@R{bSmi=NmPq8,10
316,sstowell8r@columbia.edu,Shannon,Stowell,sW5{P&1r%UW(,10
317,cbrelsford8s@ebay.com,Cyndi,Brelsford,jI9{87\mNfTJV,12
318,rviney8t@state.gov,Rosamond,Viney,aK0*\.DIR?,9
319,brisdall8u@ibm.com,Bale,Risdall,"hO8}""xavAgegE",9
320,acrisall8v@ifeng.com,Agnesse,Crisall,eU7%|JN.CwOT0,8
321,gdavitti8w@jiathis.com,Gypsy,Davitti,oJ9=kl6l0K4z,12
322,fkemish8x@soundcloud.com,Ferdinand,Kemish,rY9{aR6(8Vy,8
323,rgidney8y@nhs.uk,Read,Gidney,cV1((uJm5V&,10
324,learry8z@vk.com,Leoline,Earry,sL5#BOO*,11
325,glloyds90@studiopress.com,Gamaliel,Lloyds,jK8=w!hu0IWq&TsD,9
326,jgurry91@usnews.com,Jillene,Gurry,pP0@rTULRieO!3(,8
327,rvasenin92@wp.com,Rowland,Vasenin,"qV2,Gg.f,&'561J",10
328,btampion93@multiply.com,Brandais,Tampion,gP7?A\=(hPc7,11
329,lpleuman94@1688.com,Linnie,Pleuman,"zM4&=BQB\VG""",10
330,eferry95@barnesandnoble.com,Elnora,Ferry,jJ4$9N'=V6ERC,8
331,ejori96@tuttocitta.it,Edward,Jori,wZ1&86?Nb{RTZ$z,11
332,bstraneo97@youku.com,Brig,Straneo,cR6{BLbDUb9,8
333,lwiddows98@aol.com,Lorrayne,Widdows,yG5#=MIE,10
334,tgrouvel99@cloudflare.com,Torin,Grouvel,xZ7\O(I$kZw<k,12
335,iwarburton9a@live.com,Iolande,Warburton,sT9)~Fr\,9
336,dadao9b@paypal.com,Denna,Adao,cG4@7aXERM69)KA,10
337,tzoephel9c@parallels.com,Terri,Zoephel,kC3<_V{B,12
338,gphilcott9d@cdc.gov,Gusta,Philcott,"xQ1}iRw""Q/H",8
339,mcrowche9e@flickr.com,Mei,Crowche,wL9~/53+f,11
340,dpeacey9f@diigo.com,Daphene,Peacey,kL5?/zcr)?ziLx,10
341,hyurocjkin9g@hud.gov,Helli,Yurocjkin,gP6#CGH2Ncb,11
342,tferrai9h@photobucket.com,Tommie,Ferrai,"tA3/)?qJh,/)""",8
343,gwiddowes9i@nps.gov,Grazia,Widdowes,"jI6""Dm7cc@K",11
344,sdemangeot9j@google.ca,Sayers,Demangeot,aG2(zaOiElnXj,10
345,widdy9k@tinyurl.com,Willey,Iddy,"dD9,d"".x,)I",9
346,amarson9l@comcast.net,Angeline,Marson,dV9)2vzsTE}BojZ,9
347,ccasson9m@umich.edu,Charissa,Casson,gU5.R03pT)oNfs,9
348,fnussey9n@xinhuanet.com,Fabiano,Nussey,xD2_J$z?t\,9
349,aspinelli9o@liveinternet.ru,Astra,Spinelli,rS8'k>`&JZK&$ZZ,8
350,vkennaway9p@altervista.org,Vanna,Kennaway,wG3.Faz=UqmV$4,9
351,mgeely9q@mapquest.com,Moll,Geely,hL1_S4ay#,8
352,smerck9r@craigslist.org,Simonne,Merck,kU4%H'cmE|,11
353,jandreasson9s@hud.gov,Jenine,Andreasson,lL5%v'x.$,11
354,mkildale9t@fastcompany.com,Margaretta,Kildale,uS6*43|{s,11
355,pcorser9u@spotify.com,Patrick,Corser,mC8!@0qN~VQoI9TT,9
356,cmathelin9v@whitehouse.gov,Carling,Mathelin,"eU0@19UvEn,1Zf8%",11
357,rriggoll9w@diigo.com,Reinhold,Riggoll,bG0#}4dOLWWx,8
358,fwickardt9x@unicef.org,Florrie,Wickardt,"bR9""&+w55T)",9
359,rrudkin9y@abc.net.au,Rik,Rudkin,oQ4'1..r\d,8
360,cdudny9z@google.com.hk,Chase,Dudny,"oC0`C=~QTqV25u,c",8
361,srichichia0@studiopress.com,Stoddard,Richichi,"tK1=llyGn,5VS,q&",10
362,fcalleya1@pen.io,Fitz,Calley,aZ8~h(fGUITIR,10
363,cpavitta2@lulu.com,Connie,Pavitt,fN3>U*r!+!<hoq,11
364,mvamplewa3@youtube.com,Mommy,Vamplew,vQ8~x'fgR9.n)Zh,9
365,tfakeleya4@facebook.com,Trenna,Fakeley,mL3!a48_eqbhCrA,11
366,aphillimorea5@gov.uk,Ailbert,Phillimore,"mP3,)YY<fVr!d""/2",8
367,dgordgea6@gmpg.org,Debee,Gordge,"zY8""g2TSV<Kw",8
368,lfrencha7@instagram.com,Libby,French,qC3/CbC#},11
369,lebbensa8@amazon.de,Laughton,Ebbens,tX7&79tX/,12
370,mloffheada9@toplist.cz,Modesta,Loffhead,oT9?&<+#,12
371,amaberaa@ucoz.com,Aretha,Maber,vP0}C|O6?YHo&,8
372,dmottersheadab@msn.com,Dominick,Mottershead,wA1|`Hk%}v`%CSc,10
373,mpiecheac@mlb.com,Moise,Pieche,"vQ9""!9J1y7",11
374,nwoollamad@wufoo.com,Natassia,Woollam,oB0=po\do,8
375,wlightmanae@sfgate.com,Winona,Lightman,wQ0|$BgoM{io3h,12
376,pnuscheaf@uol.com.br,Paco,Nusche,lB7_UnrR3(`>=>RE,9
377,roaksag@twitter.com,Raina,Oaks,"jG3/4""U$Wq%@@lM",10
378,zsloyah@nbcnews.com,Zabrina,Sloy,"vQ6+Rmv""cgVKl6z\",12
379,cbattlesonai@marketwatch.com,Carlota,Battleson,"aK1+li""=Jo",9
380,ojeacockaj@arizona.edu,Ossie,Jeacock,aF1<ZV3F1bbZK,8
381,bhyndleyak@stanford.edu,Berkly,Hyndley,wI6}$PzU9No*Y7,11
382,gverdenal@mac.com,Glennis,Verden,rJ3.0g%?o0I},8
383,drigmandam@scribd.com,Devin,Rigmand,yZ1?hpac5%,12
384,sakkeran@youtube.com,Salomo,Akker,"yS6~re7,Yetw",10
385,gfullerao@theatlantic.com,Georgina,Fuller,eP7&{5%0H#o,12
386,lbugdallap@indiegogo.com,Lawrence,Bugdall,"jM2`,F?S5s_zfAS",10
387,hdreschleraq@gmpg.org,Hilliary,Dreschler,bS3=>IPE_w{yP,8
388,bogarmenar@xing.com,Blaine,O'Garmen,aX3?CdOU$ykIxmhW,12
389,smickelwrightas@cisco.com,Skipp,Mickelwright,vE8*LIYe`dW,8
390,lnorthwoodat@skype.com,Laura,Northwood,"sE3`*+(OO|""*",12
391,nmaginotau@amazonaws.com,Nate,Maginot,nB6&vt4i)QZ,8
392,jtinghillav@sitemeter.com,Jolee,Tinghill,lN4\JkHGN,8
393,lhouldeyaw@paypal.com,Lorena,Houldey,rK1?0AB$El@,11
394,gketchax@com.com,Gabie,Ketch,eI6*f41<xF~n,11
395,kmoriganay@mysql.com,Katerina,Morigan,jJ7$N!b/0us,10
396,gtschersichaz@w3.org,Georgy,Tschersich,xV0>JNS}s<r,9
397,jchauveyb0@wikimedia.org,Jenda,Chauvey,fO1{$_=gt&,11
398,pdursleyb1@huffingtonpost.com,Paulie,Dursley,"oA9""$&p@j{aK_f5H",10
399,lbynoldb2@trellian.com,Lynna,Bynold,fX5@>@}H,10
400,dbathab3@cam.ac.uk,Daffi,Batha,zT6|il49zg!p1n{4,9
401,ililianb4@yellowpages.com,Igor,Lilian,gI1#SMh?)ot,11
402,mgrabbanb5@vistaprint.com,Marshal,Grabban,pR4@||%_u{B/.b,10
403,bmacparlanb6@phoca.cz,Betsey,MacParlan,fN4+Xr=9b\mTgltt,8
404,ldehailesb7@behance.net,Lem,De Hailes,lD9&K%WzjX|(8,12
405,ltudgayb8@nymag.com,Lanie,Tudgay,nN0#N%S>9xW,11
406,dpagonb9@sbwire.com,Dulcinea,Pagon,"xM2""(=n""G@Tp2W!",12
407,byurkiewiczba@live.com,Barrie,Yurkiewicz,pR2>XwH=_OjOX,9
408,bbambroughbb@uol.com.br,Brendon,Bambrough,aO5&HlOC@@Nx8M,12
409,amaffezzolibc@walmart.com,Aldo,Maffezzoli,"wM0""1e0W9f",10
410,blundiebd@businesswire.com,Bartholomeo,Lundie,"aG1}""J68(,HzM#q|",11
411,draobe@delicious.com,Darda,Rao,xG8{3#7oC,11
412,iweinhambf@mit.edu,Ignazio,Weinham,fQ7?=TizLpRPt,12
413,jlethambg@yahoo.com,Jannel,Letham,lX8'eGi_sy>'Z,11
414,ablandfordbh@kickstarter.com,Alma,Blandford,"rZ9'p=,e",10
415,mbockbi@reddit.com,Monah,Bock,zO2\1M!4CI!?g04,8
416,fmcartebj@newsvine.com,Fergus,McArte,dK5.7p<~x6Y*,12
417,jdebrokebk@mit.edu,Joline,de Broke,qH5$=W2)G=_phq,12
418,dbrumwellbl@photobucket.com,Der,Brumwell,"bJ7,%Z*3",10
419,mgeogheganbm@paginegialle.it,Merrily,Geoghegan,dD8$mSLp5%,8
420,msparrowebn@statcounter.com,Mace,Sparrowe,tV0<m2)m6>$BVfo,9
421,eskeelbo@slashdot.org,Ermin,Skeel,lD4.Mpy/}pJbRB7,10
422,ldennittsbp@soup.io,Leanora,Dennitts,"kI7&dm%""=,.57",11
423,hmontezbq@slate.com,Hyacinthie,Montez,cB5<e{tWSPw,11
424,cleattbr@miitbeian.gov.cn,Collete,Leatt,"hA4!dO0R1""6a~r",12
425,mkilloranbs@nhs.uk,Modestia,Killoran,"kS2,U(P2Eg",8
426,igooddiebt@cdc.gov,Ilsa,Gooddie,"lY8<oCrhJSZL}?,8",12
427,pchelleybu@technorati.com,Pauly,Chelley,vZ3{hXx+zCyu,10
428,bchisnellbv@goodreads.com,Bess,Chisnell,"wP5</""xZuL(B",10
429,ecolleymorebw@uol.com.br,Em,Colleymore,mR8&OHKYKhm$?m&,12
430,sballardbx@google.fr,Shina,Ballard,zR5!sHv}Bb7)fq,12
431,koconcannonby@w3.org,Kingston,O' Concannon,rH5@iX}BveQP,8
432,sganingbz@senate.gov,Shelly,Ganing,wW6&(eT`0{83`arx,9
433,pbristonc0@ehow.com,Perle,Briston,"wU1#<j$+.ur%""FkD",11
434,credihoughc1@imdb.com,Cale,Redihough,rJ8)*DP~CKvkS,9
435,lmcenenyc2@wikia.com,Luther,McEneny,hW5@?m1o8?vBZ,11
436,vdibdinc3@t.co,Violet,Dibdin,sS3`6W(BA!h,12
437,flukasikc4@google.pl,Felicia,Lukasik,nZ6}aL+xOu5|PzfD,11
438,rfilippic5@dion.ne.jp,Ruthanne,Filippi,jD1{>@eL>Wo0gw,11
439,skeplingc6@craigslist.org,Sallee,Kepling,qQ2!HTcamheS6!Yp,12
440,aboldrac7@vistaprint.com,Auberon,Boldra,uY6)79cOd'#/,8
441,atometc8@jimdo.com,Alvan,Tomet,iN2+ps2W\qI,9
442,jbroomheadc9@narod.ru,Jada,Broomhead,kH5{/&56,9
443,vlambisca@wix.com,Vikki,Lambis,rQ4/JOcMf@7N/cVj,9
444,adubscb@fc2.com,Auria,Dubs,kI0{fNLBR|yfX$,12
445,mmathoncc@reuters.com,Megan,Mathon,mM0%LF96>r_uT7m,11
446,rcurliscd@dropbox.com,Rose,Curlis,gF2(.n7mz9,9
447,hleflemingce@nsw.gov.au,Honoria,Le Fleming,mA1}tU(9tE48,12
448,jtraviscf@themeforest.net,Jamaal,Travis,kU0>_re<5o+*=ln,10
449,mderochecg@zdnet.com,Monroe,Deroche,"rZ6$HG@xtj00K%Y""",8
450,bsolach@europa.eu,Briney,Sola,aT3(rk5+`s,8
451,wcasemoreci@telegraph.co.uk,Willy,Casemore,bP1?v3THW9Z,9
452,hlenchenkocj@columbia.edu,Helsa,Lenchenko,oN1_ydCw,10
453,cgallahueck@weibo.com,Concettina,Gallahue,xC5%8>&0,9
454,psivetercl@weibo.com,Patrizio,Siveter,lK2\3o\kRYY/,8
455,ggentycm@mashable.com,Georgette,Genty,cY8?'7Ub{g5#H,10
456,cgianillicn@aol.com,Craggy,Gianilli,"zQ4""6=2*}BAGqy",12
457,bbowdonco@rambler.ru,Bud,Bowdon,yV8(cL$6(L9xw8n,11
458,czylberdikcp@businessinsider.com,Carmel,Zylberdik,rC6>N1&P8?Q@&<2,12
459,pabelacq@state.gov,Pinchas,Abela,cX9?rBbu\d,10
460,dbraccicr@acquirethisname.com,Diann,Bracci,"wW2%4B},K8JJ",8
461,smadlecs@flickr.com,Salomone,Madle,jW8@l*XwO3`j!,12
462,rwortsct@google.ru,Rodie,Worts,qA9{+ot9EFbOuG#/,9
463,cdeguaracu@amazon.de,Charyl,Deguara,"xU2)J2q""&=c(6k=M",11
464,mgoldsmithcv@samsung.com,Mildrid,Goldsmith,cP9&f$)!g},8
465,ckirkebyecw@blogger.com,Chad,Kirkebye,tX1%$H|oip*PO,12
466,nespinoscx@msn.com,Niki,Espinos,sF7(xPO'z\3x,12
467,squennellcy@flavors.me,Simonette,Quennell,yD4'#pY~YV(J,11
468,tgatescz@yolasite.com,Tymon,Gates,"zG5.+.}tZ""01D\2%",12
469,eannattd0@tuttocitta.it,Eulalie,Annatt,mS0#m.oD,11
470,jwildsd1@slate.com,Justina,Wilds,"eR6_Y?""F@LP9",9
471,ccranstoned2@ehow.com,Cindra,Cranstone,oB8\{'LimSjFL$D,10
472,fwiggettd3@bbb.org,Ford,Wiggett,"lR5>ybV,ZFBcxJ",11
473,rshaded4@skype.com,Rosalynd,Shade,pX8+v@OGGlqMVO+/,10
474,cvondrasekd5@umn.edu,Courtney,Vondrasek,kT1{FDNoW,11
475,ebridgmand6@bizjournals.com,Ernest,Bridgman,wX0*b**t0~,9
476,rponded7@amazonaws.com,Ramon,Ponde,"sN1}h9D/""f",11
477,dkeuneked8@4shared.com,Delaney,Keuneke,"yW5)+3*""rLQf{",8
478,hmckibbind9@spiegel.de,Howard,McKibbin,pB1<I$%IGo{'5U,10
479,sfoggartyda@dell.com,Sigmund,Foggarty,lA6`fkk<{H.,12
480,zadamskydb@pen.io,Zebedee,Adamsky,zE1.Zqv$(,10
481,aiorizzodc@salon.com,Allard,Iorizzo,"oB6>&,q1F&ai`N_",10
482,wbortoluzzidd@simplemachines.org,Willie,Bortoluzzi,nD5/h3_<C,9
483,bthebeaude@npr.org,Brooke,Thebeau,aR1&0TnNsiA5,9
484,rmylandf@patch.com,Richie,Mylan,yY2{!_RCPZ,8
485,ugresdg@imgur.com,Ursuline,Gres,"rT2=,\>*O*",8
486,clearmouthdh@rediff.com,Cassie,Learmouth,bV7>U51mHN,9
487,gjandadi@etsy.com,Gillian,Janda,zE1?5oKU18V,12
488,aslinndj@google.pl,Atlanta,Slinn,iC2%dA$m/Wgi7$OT,8
489,abeenhamdk@shareasale.com,Austine,Beenham,"qM0*o=,IWpJl",11
490,bbrewooddl@bloomberg.com,Belinda,Brewood,qN7_zkKPgeyji3El,10
491,ebedberrydm@epa.gov,Eolanda,Bedberry,"nO1""n4J,r""PETB",8
492,cdearelldn@xrea.com,Clarie,Dearell,rD1/ZQL?+,10
493,hdooreydo@un.org,Hatti,Doorey,"yK8@2A@VM,",12
494,alambirthdp@sfgate.com,Ashley,Lambirth,qA9//1MfD~>l,12
495,ccourceydq@imgur.com,Chloe,Courcey,wW9<7y_`},8
496,dturlanddr@marriott.com,Dorolice,Turland,pF3<Lni_.~lPMR$,8
497,tloffelds@hatena.ne.jp,Tomasine,Loffel,hT0'cU6agFS~Oo,8
498,nmatyukondt@sakura.ne.jp,Noellyn,Matyukon,yY3%l'~6<~8cDv,12
499,wboyetdu@nps.gov,Wain,Boyet,pA4)|Cse,8
500,twardhaughdv@over-blog.com,Thorstein,Wardhaugh,bE6=d17),12
501,tarraultdw@nhs.uk,Trent,Arrault,oH1#6hwv@\SL6&Au,9
502,vslatendx@digg.com,Victoria,Slaten,nE3'+8~Pbx(,11
503,rjewerdy@engadget.com,Rod,Jewer,eH8@ZY)&,9
504,mleadstondz@foxnews.com,Malchy,Leadston,zB1`S.E=*S,11
505,nwatmoughe0@tinyurl.com,Neall,Watmough,cH2)0m>4Q`k%|,9
506,mmatijevice1@ucoz.com,Mair,Matijevic,pX6(<!d.Bu,8
507,iqualtroe2@smh.com.au,Ilario,Qualtro,aM8\3WkXl)i0+Oa,11
508,smatyse3@deliciousdays.com,Sebastien,Matys,yS3*7Ialq,12
509,mpalese4@hao123.com,Marylynne,Pales,"nQ6$4=@{""~u\",8
510,jbracee5@livejournal.com,Jermain,Brace,eW6*M)7ldUeO,12
511,bcorpse6@discuz.net,Binky,Corps,mW3@@KRaBNQPxrg,11
512,aleproveste7@loc.gov,Averyl,Le Provest,qA1.e\R!,9
513,kborge8@narod.ru,Kiley,Borg,xN8`xLb2.u5%H,10
514,atarrene9@cornell.edu,Aliza,Tarren,tN1$|ouX/N64lfdg,8
515,kclutterhamea@sakura.ne.jp,Kingsley,Clutterham,tR6\iypX&>fPN`5G,10
516,skeenoreb@hhs.gov,Shirline,Keenor,kW8`kHY){qBrwxw.,8
517,bgittoesec@tiny.cc,Barnie,Gittoes,iO9|}cum,8
518,mcodlined@hatena.ne.jp,Milicent,Codlin,"xB9\y""8n3bwvE1oU",12
519,gsisnettee@com.com,Gerrie,Sisnett,"yG3/7lx0MPup,",9
520,espringthorpeef@vinaora.com,Ethan,Springthorpe,vM5}!HDiE`q,12
521,hmartheneg@accuweather.com,Harlen,Marthen,cI9$ME3jcY.s,8
522,golunnyeh@discovery.com,Gabi,O'Lunny,vC6@q1gP,11
523,cbernardoei@wp.com,Charlotta,Bernardo,dL1>)K3Hu,9
524,ydurningej@yahoo.com,Yevette,Durning,"zZ1(.y!C`C""p",10
525,eiskowitzek@oracle.com,Elnora,Iskowitz,lI4`>|W+/OA\9zb,10
526,ifassanel@oaic.gov.au,Isis,Fassan,tY9{)8YnI>qtUVZg,10
527,sstubbeleyem@wisc.edu,Sibyl,Stubbeley,bI4$wVmmkB*pb.3W,8
528,bmurthwaiteen@abc.net.au,Blaine,Murthwaite,aZ1_SuT6Ps2HB`#<,9
529,rswatmaneo@earthlink.net,Raffarty,Swatman,cC4'b9J?WDXg,10
530,etreadwayep@yale.edu,Ewen,Treadway,mH7`ycueD`Z,11
531,cbielfeldeq@mapquest.com,Casar,Bielfeld,tH4`H`(?$+b,9
532,bshielser@bloglovin.com,Benyamin,Shiels,xF3|D&X{N<z<>M+j,10
533,estreatleyes@mail.ru,Elfrieda,Streatley,uJ7{M@5V6,10
534,croomeet@linkedin.com,Corbet,Roome,vZ5!M|6`#B,9
535,ehartoppeu@mediafire.com,Emanuele,Hartopp,hO1=KU8r,10
536,dstaversev@e-recht24.de,Denny,Stavers,hQ8\#<wh,10
537,vtemlew@bizjournals.com,Vladimir,Teml,wP8~#(.WgQXW|@(,12
538,gdarintonex@mapy.cz,Gerianna,Darinton,wX3/FGoh,10
539,halderseyey@hubpages.com,Herbert,Aldersey,wH3~>PQ_`4|a`,10
540,cblindez@paypal.com,Carmencita,Blind,yE7~LDrHtucF'/*v,12
541,aledranef0@51.la,Alphard,Ledrane,rD0=iRC~gHI27,11
542,wgrabbf1@nasa.gov,Waylen,Grabb,yN6*Nx~AI?56CGq,10
543,jantuonif2@bigcartel.com,Jerrine,Antuoni,lZ5)cKmk{8,9
544,snuccitellif3@yahoo.co.jp,Sheffield,Nuccitelli,pC9+*f`s,12
545,haspelf4@vk.com,Hy,Aspel,dF5%'N)gPq,10
546,hlearoidf5@creativecommons.org,Haskel,Learoid,rO6?2sbV+@Rs`<,11
547,tsifletf6@gmpg.org,Tan,Siflet,cM1_A`iG(,9
548,dbelfitf7@patch.com,Desdemona,Belfit,"qZ6+KCX""BX2JfA",12
549,ojerramsf8@mtv.com,Olag,Jerrams,vX2}`{&H,12
550,wchifneyf9@theatlantic.com,Wendeline,Chifney,mG8%q4`0F6J4yba,11
551,egarrisonfa@macromedia.com,Emelina,Garrison,fJ4~vTL|8aQ3<pb,12
552,wcattermoulfb@topsy.com,Willi,Cattermoul,vM7(/@5Bq,10
553,dgisbyefc@tiny.cc,Dennie,Gisbye,"kR9/'Sd,SaE?",8
554,bwickersleyfd@howstuffworks.com,Blair,Wickersley,"uH5""yyg@gq",8
555,cflippinife@vinaora.com,Cordie,Flippini,rX9{A@pT,12
556,alinceyff@pen.io,Allegra,Lincey,"bE3""AM*eZbDw`2",9
557,fkryzhovfg@yandex.ru,Farra,Kryzhov,pR0\qiZ|`zw,12
558,irigdenfh@army.mil,Isabel,Rigden,qQ6>4V!b1K,11
559,rkeartonfi@columbia.edu,Randy,Kearton,sA8*FN6AvGTUV_Q,10
560,msenchenkofj@shutterfly.com,Myrta,Senchenko,"fB9}V}}6/%,""m{s7",8
561,jclaremontfk@un.org,Jakie,Claremont,"yU1""FoWs9!\=A",12
562,rdommerquefl@statcounter.com,Rosabel,Dommerque,"yG2""i(jsl*FGQ*$w",10
563,bbrungerfm@ft.com,Benita,Brunger,nY2/\{5d`4u/fp2L,10
564,audenfn@yahoo.co.jp,Albertina,Uden,"sG8,iT6?",11
565,tlinfieldfo@forbes.com,Tracie,Linfield,"nT1""BJaimFBhur?",9
566,agruszczakfp@netlog.com,Alyssa,Gruszczak,kI7<pfzUE,11
567,lfellinifq@biblegateway.com,Langsdon,Fellini,"wG2@}QZ57.""!",10
568,aplaistowefr@mozilla.com,Abbe,Plaistowe,nS7>Y`QVBm,10
569,gmirfinfs@list-manage.com,Gaspar,Mirfin,fX5$#L/1dk,12
570,fplaydonft@instagram.com,Forster,Playdon,aB2=qErK`cCQ2*_\,10
571,csheldonfu@hugedomains.com,Connie,Sheldon,"jF9,W,Z3m'+VlYR",10
572,vbowhayfv@blogs.com,Vevay,Bowhay,xP5?GV&B?g,10
573,eturbittfw@samsung.com,Emalee,Turbitt,rV6_KGmEP_Y8r6Hr,11
574,wveschambrefx@i2i.jp,Waiter,Veschambre,oX7%#P\KgaNT|n,9
575,establefy@slate.com,Emmalynn,Stable,iW9`\y5(ye)M,11
576,gmackiewiczfz@newyorker.com,Glennie,Mackiewicz,qM9|rD33FJG,8
577,isticklerg0@odnoklassniki.ru,Issiah,Stickler,zD7&|`iD(yP,10
578,hcorng1@paginegialle.it,Hunter,Corn,nJ9{L@qP@N$a+,12
579,swoodierg2@goodreads.com,Shalne,Woodier,nE6!KaBGx,12
580,hpoleykettg3@weebly.com,Hermione,Poleykett,gR2`Kqh{b,9
581,linksterg4@surveymonkey.com,Layney,Inkster,cI3#'aO/Hq$2,11
582,ggrigoriog5@goo.gl,Godfrey,Grigorio,uR7+~H)0KhY&r&,11
583,cfittesg6@hubpages.com,Clevie,Fittes,lP7(A4BA,11
584,gvignalg7@buzzfeed.com,Garald,Vignal,cH1~*NuaL\t*Qx,10
585,mdeantonig8@thetimes.co.uk,Meade,De Antoni,qG1\pkRSPbC,12
586,ogallamoreg9@w3.org,Oralia,Gallamore,"pF7.Ga5""G",11
587,adaenenga@eepurl.com,Arie,Daenen,mE2$x#yQGsS,9
588,preddyhoffgb@addthis.com,Paten,Reddyhoff,jJ2`Zkglx,8
589,wsemkinsgc@ibm.com,Wheeler,Semkins,cI4&xc%+nuxiU=,9
590,cterngd@mapy.cz,Cthrine,Tern,dL5#i+W>wDmc(bu,11
591,vorletonge@yahoo.com,Vinny,Orleton,jC7`I.5+TQA,11
592,fulstergf@mapquest.com,Fawn,Ulster,"sM5""(l49py,uI",11
593,gbiglingg@feedburner.com,Gussi,Biglin,dD9.YZo4R,10
594,dauchterlonygh@homestead.com,Dion,Auchterlony,"cV7%""7@<lS",8
595,ajossegi@1und1.de,Alia,Josse,tV9@g%oZf`L,9
596,delderidgegj@shutterfly.com,Daniele,Elderidge,fU4=I5+/fTTaT?,9
597,gmcnamaragk@jimdo.com,Gabrila,McNamara,vY3.3!Ui5}Z,9
598,rfeatherstonehaughgl@miibeian.gov.cn,Reamonn,Featherstonehaugh,tN8{|t%P{|,9
599,gheuglegm@comsenz.com,Garret,Heugle,gQ2!4P>+N,12
600,mcrabbegn@illinois.edu,Millard,Crabbe,aX7+jB+#nc$y?NE,12
601,bstilwellgo@1688.com,Bertrando,Stilwell,bO6!{1VW,12
602,amaysgp@paypal.com,Ava,Mays,"dJ9"",'sT",9
603,fsyfaxgq@i2i.jp,Farrell,Syfax,gD1!*8Oj,10
604,hchapellegr@dailymail.co.uk,Herb,Chapelle,yK5%M_hw<E\\,11
605,dmiddlegs@cloudflare.com,Devina,Middle,cJ7!k4)',12
606,bkitchenhamgt@senate.gov,Bunny,Kitchenham,cJ0#!R@=t@*hY,10
607,udigginsongu@blogs.com,Ulric,Digginson,eI8#*<KOGm,9
608,mhassurgv@list-manage.com,Madlen,Hassur,"kO0),<Xwt!St",11
609,tdelbouxgw@xinhuanet.com,Tyne,d' Elboux,rB3&H!5#H&4,11
610,eartindalegx@businessweek.com,Elvera,Artindale,wQ1/)*N*,11
611,cpietrzakgy@360.cn,Caprice,Pietrzak,yL8~)Pj?,9
612,mglaziergz@nature.com,Marcellina,Glazier,"dQ6,OcDU)",12
613,fdutnallh0@msu.edu,Florida,Dutnall,vM4<p`Wlq,10
614,espraggonh1@usa.gov,Erin,Spraggon,"hC6|,z""t",9
615,bsoltanh2@istockphoto.com,Berthe,Soltan,gE5`rZEY+zB,11
616,cbrassingtonh3@noaa.gov,Christen,Brassington,vN8?~l#N}3#j,10
617,kabramoviczh4@apple.com,Kellia,Abramovicz,aT8{uxjY!9,9
618,proscowh5@ocn.ne.jp,Penrod,Roscow,mH0'b$=Y,11
619,kbrumbleh6@creativecommons.org,Kaitlin,Brumble,"mD2,lfqYyhgp9=N",10
620,kjayh7@bloomberg.com,Kariotta,Jay,hB8#oXhT,12
621,jdawkinsh8@spotify.com,Jacques,Dawkins,"mW0<MY#""#",11
622,brenneyh9@comsenz.com,Brockie,Renney,zV5!_K!U3'E9h5v`,10
623,btroakha@twitpic.com,Bertie,Troak,fO3\JBoBrPq),11
624,mstronachhb@dropbox.com,Merna,Stronach,vO7!2.<=0cy}v,9
625,headehc@sbwire.com,Helenka,Eade,bZ5\PXt.,11
626,tmixterhd@ovh.net,Tony,Mixter,dG1?si1|=DQGVq,11
627,nbourgeoishe@npr.org,Nydia,Bourgeois,oQ9>9lmg,10
628,dabrashkinhf@hhs.gov,Doralynn,Abrashkin,oM4/_qrv6.L,12
629,cyessonhg@forbes.com,Cara,Yesson,hF0{Y%oumM95),10
630,kortelthh@4shared.com,Kimberlyn,Ortelt,uI9.o6n)JQF,8
631,fguilaemhi@livejournal.com,Fern,Guilaem,"jM4`yzJU'5C'""3M{",10
632,tgametthj@digg.com,Travis,Gamett,kM3*&LM8dS!H@,10
633,ivermahk@ifeng.com,Imogen,Verma,eB1!\~p%o%Bat,10
634,dmenhamhl@mail.ru,Demetre,Menham,"jY8@L,s'_",10
635,dticehm@istockphoto.com,Dierdre,Tice,lV3`E*M`k.),8
636,uconinghn@bravesites.com,Ulberto,Coning,uB8\.9|.w,9
637,kbreadho@mediafire.com,Katheryn,Bread,hE5`30t7,12
638,mdingwallhp@statcounter.com,Marcile,Dingwall,"hZ2,0Fy8bJ_K`",8
639,jhaytonhq@nih.gov,Jere,Hayton,fF9|jpJ<,9
640,stedridgehr@uiuc.edu,Sarah,Tedridge,iQ9&6u!iH$\ND,12
641,cplayfordhs@cmu.edu,Creight,Playford,oR9/N\.{_mV7oPc,11
642,ogauldht@dyndns.org,Oralle,Gauld,sB7+QXw&P3c0X`,12
643,bderyebarretthu@msn.com,Boote,Derye-Barrett,kV4{c4TTh8\,12
644,jjanowiczhv@noaa.gov,Joleen,Janowicz,vM5?iOdU,10
645,kshillaberhw@merriam-webster.com,Kimmy,Shillaber,sG4}YWF\R,9
646,ivancastelehx@aboutads.info,Ibrahim,Van Castele,mH8.DIA$N,9
647,ybinehamhy@wiley.com,Yance,Bineham,rE8>T'wz?mdz~s>,11
648,sedmotthz@vimeo.com,Sidoney,Edmott,"pM6,2eJ>?",8
649,rwilkinsoni0@wp.com,Rosabel,Wilkinson,"nC7,`HT?O&E(9HH",11
650,rleprovosti1@imageshack.us,Randie,Le Provost,gD5{hy)ds`T?G,8
651,csainsi2@archive.org,Catarina,Sains,"iG6`8K.K!#I""",10
652,asaffrani3@columbia.edu,Angelle,Saffran,jB4_2ar|leUX%O,12
653,oeakensi4@statcounter.com,Osbourne,Eakens,pC7$)<Y=*,10
654,dbalnavesi5@cyberchimps.com,Doretta,Balnaves,yJ1`5kg@,11
655,sdarkeri6@pen.io,Suzanne,Darker,xS8\RTDw,9
656,kbeedi7@sina.com.cn,Keary,Beed,yB6`@Tr),11
657,smakiveri8@un.org,Selene,Makiver,nP2}teRe$/zI<,9
658,trableyi9@google.com.au,Thedrick,Rabley,jK3$BdCIr,9
659,ldowntonia@storify.com,Leesa,Downton,xN8$Tfz(TL,8
660,araspisonib@dmoz.org,Abner,Raspison,aT3/TvhZ\RZ,8
661,dminnetteic@sbwire.com,Doloritas,Minnette,fB4$0kSv%QB,8
662,dsouthgateid@a8.net,Dorolice,Southgate,qG1=$aC38(E(,10
663,vleipoldtie@last.fm,Vivi,Leipoldt,jH6_kt#|v4Y*SNy,9
664,brignallif@ted.com,Blondy,Rignall,eE2*3h'gTo)f,8
665,jriseboroughig@edublogs.org,Jeremie,Riseborough,cG5)x'LIl5a,11
666,lriddeih@geocities.jp,Lexie,Ridde,wI0!xFW?{H#ag5B,12
667,hmilleii@yellowpages.com,Hilton,Mille,kY1+0ExBoj,9
668,dblethynij@thetimes.co.uk,Damaris,Blethyn,xI8#Z~8+6,10
669,cbatsonik@epa.gov,Claretta,Batson,uX1)FO9J(>%.,9
670,asewellil@example.com,Aimee,Sewell,yH5+wT612b=4'L,9
671,dcraigieim@dyndns.org,Danell,Craigie,zJ3)gxIWUZ~Qa,8
672,gstlegerin@theatlantic.com,Gui,St. Leger,kU4@/Y&{eDjEn,9
673,dhaversonio@huffingtonpost.com,Dyna,Haverson,sG4/@*+.l6m*,11
674,bruslingeip@deliciousdays.com,Bidget,Ruslinge,yQ8|aOn~lE,9
675,ckitchingmaniq@nba.com,Catha,Kitchingman,bY7'Z}e5,12
676,amogieir@people.com.cn,Aharon,Mogie,"vW7,V4RD7O>$_e",10
677,ubewsheais@dot.gov,Udall,Bewshea,"tB2*6<y,lgg",12
678,cpovlsenit@who.int,Clay,Povlsen,"sZ2""?%0.}|xJKC#.",9
679,hthomeliu@ovh.net,Harriot,Thomel,"mW5`l7>0%<G,X#|b",10
680,bcongdoniv@dailymotion.com,Britteny,Congdon,vD8&>o2d8ZM,8
681,bkernaghaniw@twitpic.com,Barnabas,Kernaghan,"nS5\,RAD",11
682,rrobezix@washington.edu,Rochella,Robez,"hY7@f_vj""DF.Gn6'",12
683,cszwandtiy@wix.com,Christina,Szwandt,sH5<K!bjBQ1y,8
684,aadhamsiz@accuweather.com,Antonina,Adhams,mA8#9|JkxBU8,10
685,dphetheanj0@cdbaby.com,Debby,Phethean,lE1<RhwY8e6EI1>,12
686,cbartolomieuj1@4shared.com,Clevey,Bartolomieu,"zY5`$3q3I""(Mg(",12
687,ausbornj2@statcounter.com,Annie,Usborn,rJ7$2ehjoZV_Tq=,9
688,kpitkeathleyj3@latimes.com,Korey,Pitkeathley,sR0~3h9d,9
689,mmittenj4@intel.com,Meredithe,Mitten,wA9&>2ymnP#,9
690,arimmerj5@posterous.com,Abdel,Rimmer,xG6?(EXF&?ne83k,12
691,pmcphatej6@europa.eu,Page,McPhate,qP4&CoJZBmvO)&,8
692,estanislawj7@w3.org,Elliott,Stanislaw,yT5=>Y)O,9
693,fmorphetj8@rediff.com,Freddy,Morphet,oF3}~pVXjd,10
694,cnizardj9@tuttocitta.it,Corine,Nizard,xR6'NL3}4Cwo7l,9
695,ltowseja@abc.net.au,Livia,Towse,nY1_(bBCzH+CA(tn,8
696,alincolnjb@weebly.com,Agace,Lincoln,xN9#>Fc@@,8
697,ddielhennjc@paginegialle.it,Drud,Dielhenn,"lW0$,i/KU0lPnXQd",11
698,wdenningjd@xinhuanet.com,Waldo,Denning,"oF8,z0id",8
699,jbremeyerje@wunderground.com,Jonathan,Bremeyer,cQ2{'p>C3,11
700,catwelljf@furl.net,Clarance,Atwell,kD0)zv~X'TICHu,12
701,takehurstjg@cdbaby.com,Tabb,Akehurst,dP4)pfZix(')Y,10
702,hnassyjh@wikia.com,Humberto,Nassy,hB7(@dzG4GA.\nm2,8
703,oseeborneji@parallels.com,Ophelie,Seeborne,fB9.a9bw.2f,8
704,yampsjj@yelp.com,Yoshi,Amps,"bK3""iG7.n,4|\",11
705,areadwingjk@boston.com,Allegra,Readwing,cE6>j#ekJjHUbThq,12
706,eavrahamovjl@ehow.com,Egon,Avrahamov,"oC1.j_(H,o4VpZ",12
707,cjochenjm@miibeian.gov.cn,Currey,Jochen,sU3!`Tyrv5Z!98,8
708,dnizardjn@fotki.com,Dunc,Nizard,uE6&HxDTTYpmh9bf,12
709,ncanizaresjo@privacy.gov.au,Noble,Canizares,rP9=~e@t/s%C|,10
710,jlevinjp@miitbeian.gov.cn,Jedidiah,Levin,mA5*0ycDO0D,8
711,cmargueritejq@blogs.com,Cristine,Marguerite,wR5~\0H26GvHO,10
712,sfiggenjr@macromedia.com,Shaylah,Figgen,wW5$gX52Y,10
713,tbarrimjs@mozilla.com,Tildie,Barrim,sO2@{AOOkU,8
714,rflorezjt@bloglovin.com,Ring,Florez,tH4=%tqlP|J,11
715,aadamovitchju@twitpic.com,Arch,Adamovitch,iQ4=+=k<_l8@,10
716,aalejojv@hostgator.com,Arabelle,Alejo,vP3{52vmJ`6$.CQ{,9
717,fboribaljw@edublogs.org,Florina,Boribal,"sY8_h,f8",8
718,nhabishawjx@nba.com,Nikola,Habishaw,jT6+TW&5BX0/,8
719,jsheldrakejy@columbia.edu,Jimmie,Sheldrake,rB7~mwBagD,8
720,esteerejz@barnesandnoble.com,Erick,Steere,kG1)?bUy/J,9
721,mjobeyk0@dion.ne.jp,Maurise,Jobey,vD3*#1vsS,9
722,khitchamk1@miitbeian.gov.cn,Kira,Hitcham,"wD6$?aHn""6}I",8
723,fbaystingk2@w3.org,Frederico,Baysting,oZ4.8do8Fh_Tn,11
724,ddrewcliftonk3@tuttocitta.it,Dorise,Drew-Clifton,"sG8>OP,N_Re9s",11
725,rfolshomk4@mail.ru,Roshelle,Folshom,"qH9_QlafAQ""+1dz~",10
726,ncrucittik5@dion.ne.jp,Noelle,Crucitti,sR6$?$uEky4\1e,10
727,dklaggemank6@soundcloud.com,David,Klaggeman,"yT0'=,a/Aab8zS",10
728,bchurchk7@columbia.edu,Barrett,Church,oO7?ooPK,9
729,gcuddk8@prnewswire.com,Gwenore,Cudd,eI9!AD=m>)Z2ReL,8
730,dseligsonk9@diigo.com,Den,Seligson,rE6+'i<G,9
731,amathisonka@deliciousdays.com,Addison,Mathison,tH1/n5mY6nvH#F,12
732,ssarfaskb@webeden.co.uk,Salomone,Sarfas,iM3{\gw*(Hn,9
733,tcogleykc@ycombinator.com,Tabina,Cogley,uJ1=j3=Qz.6,8
734,hlidgelykd@senate.gov,Hall,Lidgely,"dU1,}B\W~_?a",11
735,rgerhardtke@mac.com,Rance,Gerhardt,tR2~(WMU)Oeg,12
736,eleppingtonkf@slideshare.net,Edsel,Leppington,"gR4\ma?U,~'Z!",12
737,cmackernesskg@hhs.gov,Clerkclaude,Mackerness,bJ1_QkzB4&H($,9
738,aguidinikh@irs.gov,Alidia,Guidini,tQ5.W!dml,9
739,molahyki@ow.ly,Morissa,O'Lahy,nQ0$WkO2@RK)j{=,11
740,cspeedykj@telegraph.co.uk,Carmelia,Speedy,nU2\S2qc),12
741,midlekk@dell.com,Marlene,Idle,mF4+SruD}gQ,8
742,mdillewaykl@1688.com,Michelina,Dilleway,"fB8\""S\$vEPBfcV",12
743,fmidgleykm@posterous.com,Farrel,Midgley,oK4(q<>5A9,11
744,peilhartkn@github.io,Page,Eilhart,"pQ4,teBa|6\",9
745,lphinko@1und1.de,Lillian,Phin,cB0((vHnDW0.,8
746,awarlowkp@diigo.com,Allys,Warlow,lR5(<iS=L{,11
747,kgotliffekq@prweb.com,Kore,Gotliffe,tP2{#7jG3H7,9
748,vgermainkr@reuters.com,Vlad,Germain,zU4}SG&rRr,9
749,lkobpalks@msn.com,Leoine,Kobpal,uE9|*e!&3}h,11
750,bwoliterkt@discovery.com,Bail,Woliter,xN0.e}S9,10
751,rmcsporonku@yolasite.com,Ron,McSporon,dX8<t`3J#IF3hopl,12
752,lcornewallkv@twitpic.com,Lion,Cornewall,hW8`!6KK9O,11
753,smabonekw@businessinsider.com,Skell,Mabone,kU5*Z3DA$V>hSG7,10
754,sgoreskx@seesaa.net,Shepperd,Gores,wH2)b%YxD=Nyu,9
755,acroxtonky@ucoz.com,Alessandro,Croxton,xT6=@RV@OD,12
756,twythekz@mayoclinic.com,Tait,Wythe,"vI9=4G""B""Iliz",9
757,spendrilll0@slate.com,Sophie,Pendrill,"aS6~f9,)xQGAX{be",12
758,rorrol1@adobe.com,Rosemonde,Orro,lA6/J\KWtPz3J,9
759,tskarrl2@ow.ly,Tuesday,Skarr,pJ8#?>a)D`Bq>,8
760,cmallardl3@istockphoto.com,Cirstoforo,Mallard,yK2<@|R2JZS*,10
761,rbrandesl4@amazon.co.jp,Ric,Brandes,zO0+N4Bgj$4t,12
762,cstartl5@wikimedia.org,Cris,Start,mK7+49nUJ!,10
763,agrigorl6@google.com.hk,Alistair,Grigor,qC5!cv_+C,9
764,nmcilhattonl7@dedecms.com,Nanon,McIlhatton,eO5)tv?rpm,12
765,mmacnellyl8@discovery.com,Marla,MacNelly,eI9*K4sW9',11
766,ndecayettel9@guardian.co.uk,Nananne,Decayette,"lQ2{Yp~&,p3}4{4I",12
767,dhannafordla@opensource.org,Doug,Hannaford,eW7'lJmW0tczbX,12
768,rgartenfeldlb@umich.edu,Rodge,Gartenfeld,"iG0,3()D",8
769,gcokelylc@dagondesign.com,Gael,Cokely,vJ6/Sc=a&#V${ZS<,9
770,eemertonld@wordpress.org,Emmalynne,Emerton,vA6?'zEY+2eSB,8
771,wgraybealle@google.es,Willamina,Graybeal,lL7|$Uf|WF,11
772,bpinellf@mit.edu,Brook,Pinel,sZ1$O9<p,10
773,rtackettlg@usda.gov,Rockey,Tackett,"eG5=zLR,W?3G@`>J",9
774,cmonceylh@youku.com,Corena,Moncey,"cU8|YlVpqap,7Bd.",12
775,agoodbanneli@springer.com,Alys,Goodbanne,lO3%q~&/X/`,10
776,egerardinlj@google.com.br,Elias,Gerardin,"hZ0=""1p@Y0.(i",9
777,mstoatelk@wsj.com,Mel,Stoate,mT6!2bFmTvtKsHD_,11
778,apetticrewll@cdbaby.com,Adrea,Petticrew,qX7>7Y{5kRcs3Pg,8
779,bjestecolm@tinypic.com,Becki,Jesteco,"aB4}""B@/%&{T+)Mi",12
780,kocorrln@alexa.com,Kaylyn,O'Corr,wC3|qoXaVAMyjFn,11
781,amouattlo@irs.gov,Arron,Mouatt,wX6}0dVPz3G,12
782,gbrownelp@godaddy.com,Gradey,Browne,sF3$F_ctf7ki40,9
783,kmatuszaklq@springer.com,Kirbie,Matuszak,"lO0*Dgf8j@,J",12
784,vdrohanelr@eepurl.com,Vite,Drohane,bU8`HGK/1&<hS>JP,10
785,acampbellls@cisco.com,Aldin,Campbell,qR5)R=Ej_,11
786,vjodlkowskilt@usnews.com,Vinson,Jodlkowski,"mN2|QXHud$,ThP4d",9
787,aroswarnlu@seesaa.net,Archer,Roswarn,lW0$BWcQFG|4,12
788,stabourellv@163.com,Shayne,Tabourel,tF6!owb8RI&n,11
789,dbutfieldlw@sogou.com,Dorey,Butfield,"dX1,(9dobvUw",10
790,kburghilllx@indiegogo.com,Kari,Burghill,mP9`r_(&=l!!|e*u,11
791,redmansly@businesswire.com,Rodie,Edmans,rX4}6&zZMe%op,8
792,pellenslz@shutterfly.com,Pattie,Ellens,lS5.roY3,10
793,fmachostem0@sourceforge.net,Flo,MacHoste,iA3=`d4@kBRXw,8
794,ebrunelleschim1@cmu.edu,Elsinore,Brunelleschi,"dQ1""b>6p~",10
795,cpatrichem2@cdbaby.com,Codie,Patriche,sD6`f5@{k3OX6|,11
796,eauldsm3@google.ca,Ellerey,Aulds,kO8?`~V+s<%hVO,12
797,cjablonskim4@patch.com,Coleen,Jablonski,gL2<N1g?+F,12
798,showickm5@pagesperso-orange.fr,Sib,Howick,lP2{|7S*a|R@,8
799,fbatchelourm6@biblegateway.com,Filmore,Batchelour,aA5=Fbxu92uDUEb,10
800,aiveym7@sun.com,Anissa,Ivey,aK0)6o16'yy),10
801,llackhamm8@free.fr,Lynett,Lackham,lK8/f}blX,12
802,hcrombleholmem9@etsy.com,Horatio,Crombleholme,"yI3/}MY6HG,W<",11
803,fbothama@omniture.com,Felicdad,Botha,eG7}&f71V,11
804,bstentonmb@msu.edu,Bess,Stenton,xJ0=)NdJ\Q'N25p&,12
805,nbothenmc@weather.com,Nerissa,Bothen,lH1&REH?J7+wnDZh,11
806,stybaltmd@toplist.cz,Siffre,Tybalt,cZ3_X/rf,12
807,cpinkeme@vk.com,Celesta,Pinke,uI0!>@@)S+A$Wz,12
808,awhitcombmf@github.com,Aharon,Whitcomb,bS1{R50*EtRi/(U,11
809,hfairfoulmg@hatena.ne.jp,Helaina,Fairfoul,wT0$56ea7f!{uj\,11
810,soxterbymh@buzzfeed.com,Siusan,Oxterby,jW5<pnC>,12
811,eharmourmi@gov.uk,Eberto,Harmour,wU1+%0bOR)jY1M3/,10
812,adezuanimj@fda.gov,Anabal,De Zuani,sE5*0)#axN13Ge)n,10
813,sbuttlermk@mozilla.org,Sanson,Buttler,"tV8!,9{xbE",12
814,zgringleyml@census.gov,Zarah,Gringley,nY0&\?i\/tB,9
815,kaddenbrookemm@wikimedia.org,Kalie,Addenbrooke,cD7$y{gtZ1,10
816,jpeyesmn@123-reg.co.uk,Josias,Peyes,uK3.>*sp8Q9qrOp',10
817,amcdonaldmo@amazon.de,Alisa,McDonald,jA1_)?_OzZn_,9
818,ajentonmp@blogspot.com,Adelina,Jenton,xU0~)O|/V,12
819,ngumlymq@soup.io,Nada,Gumly,"qX4""qCosI1",10
820,chowsammr@merriam-webster.com,Corissa,Howsam,xA8.~f\7?N#@a,10
821,abirdsms@vimeo.com,Andrei,Birds,xI4\z6BMzcZDp5`x,10
822,smansermt@dmoz.org,Sasha,Manser,"dM0,4{Pw&W",8
823,fyanukhinmu@goodreads.com,Fairfax,Yanukhin,fJ5&'a~r}|'T.>L8,10
824,dmacmeartymv@google.it,Daisy,MacMearty,bL4\1Op_,11
825,ayitzovitzmw@slideshare.net,Antons,Yitzovitz,aY6<>IZ}xn6l*b,9
826,ggrishakinmx@tamu.edu,Gawain,Grishakin,hV8=}o}a'#,10
827,ipaulemy@indiatimes.com,Ibbie,Paule,iR1%n!EOh,12
828,zeickhoffmz@amazonaws.com,Zaria,Eickhoff,zH6$G1gB8L#,10
829,mtanseyn0@deliciousdays.com,Marabel,Tansey,oQ5}eyu~Av(?c,9
830,msandifern1@squidoo.com,Milo,Sandifer,hY1)kT7c5w=bEtD_,9
831,lmasedonn2@pen.io,Leonerd,Masedon,yF0#z*`123d5Z=El,11
832,bclaren3@homestead.com,Benita,Clare,rP8$GGGh,9
833,modon4@zimbio.com,Milzie,Odo,iS8~rGlbFQsQ,9
834,sworstalln5@networkadvertising.org,Serge,Worstall,"fJ6/""`Nbu*IP",10
835,ematheyn6@issuu.com,Elsworth,Mathey,dB6>%g_/_,12
836,bduigenann7@themeforest.net,Balduin,Duigenan,wF5`t7s~4!,11
837,htennewelln8@timesonline.co.uk,Haily,Tennewell,vU0~)/i>&rix,12
838,cbothien9@twitpic.com,Carny,Bothie,aK5&Ptxa)O4jB=x3,12
839,lmcgouganna@freewebs.com,Lucine,McGougan,rK6?x/mi<T,11
840,sgymblettnb@goo.gl,Smith,Gymblett,"mJ3""O~0bV",8
841,cclaync@blinklist.com,Caroline,Clay,"hA5""+t@X**",8
842,kkeysernd@constantcontact.com,Ky,Keyser,"eE5""6*.\0<EFWa+r",12
843,idundonne@amazon.com,Ilka,Dundon,"pK1.S.d""3x",10
844,hleishmannf@soup.io,Haleigh,Leishman,yV0.`8nw>4~u/,11
845,nsawfordng@sitemeter.com,Nomi,Sawford,gU0+dH=(GH\,12
846,mmackindernh@chronoengine.com,Mick,Mackinder,rF6&ODW%G+h2Z,10
847,tlambirthni@usgs.gov,Toby,Lambirth,aT5}~|NXUsyx,8
848,dmerrissonnj@reddit.com,Dana,Merrisson,"oV4!yS$l,ox7Z8",10
849,hphillpottsnk@baidu.com,Hallsy,Phillpotts,uQ1/Z=b)8,8
850,rmcvronenl@wikimedia.org,Rosette,McVrone,wO5)4N|z4x_j,10
851,kraspernm@amazon.co.uk,Kellina,Rasper,nC3*${n&L,11
852,aschooleynn@chron.com,Aprilette,Schooley,mH7!&\~\Z\SfV,11
853,bborwickno@archive.org,Bruce,Borwick,"vR2'r""4S",11
854,hdyosnp@latimes.com,Henry,Dyos,mB8>t_9~YRX,12
855,cpendletonnq@apple.com,Cornie,Pendleton,fH0$iRmVe7,10
856,dthoringtonnr@tinypic.com,Dallis,Thorington,tS8_8Yd5MKJ@e~p%,11
857,ssherstonns@wunderground.com,Shela,Sherston,dP4{bnS028,12
858,pshelveynt@gov.uk,Paulie,Shelvey,lX9`aRmKxqx*/W,12
859,kheningamnu@icq.com,Keith,Heningam,iF1_ho82ChX,12
860,wbridgestocknv@latimes.com,Wayland,Bridgestock,jI8{9M&K,8
861,kroalfenw@people.com.cn,Kassandra,Roalfe,"uT3,|1q\2aWE5.K4",9
862,imavinnx@yandex.ru,Iolanthe,Mavin,wJ7#DY=)Ol/>,8
863,smccullochny@mozilla.com,Sosanna,McCulloch,gA5%g7IE~|,12
864,rmerrydewnz@google.ca,Ruperto,Merrydew,cA4|.*3Yw,9
865,igowaro0@wordpress.org,Ingunna,Gowar,tZ8(OpMq,10
866,cdumbaro1@apache.org,Catharine,Dumbar,"mR3,\=hI!",12
867,sbangheo2@t.co,Smith,Banghe,oH6(@kIoH\4Zs,8
868,vaymeso3@nytimes.com,Vania,Aymes,oL6@CqTZC,8
869,hbeeviso4@nasa.gov,Harrie,Beevis,pE3!st8|nMii,12
870,jcruto5@nytimes.com,Jeramey,Crut,zC9*T<#'zxJmB0%\,8
871,dmenceo6@cisco.com,Dennie,Mence,zR5%2z\@~/l,10
872,bpygotto7@myspace.com,Berrie,Pygott,aY7%Jyjf\,10
873,cjedrycho8@nih.gov,Cordula,Jedrych,aT2%u0>FwMg~,12
874,jpietero9@guardian.co.uk,Jone,Pieter,"xI9%@M,=Q(o",9
875,nleganoa@odnoklassniki.ru,Noach,Legan,sG8/.Kvd'mbj*,8
876,nquerreeob@usgs.gov,Nikaniki,Querree,pU0|@/9q,8
877,sfilipsonoc@cam.ac.uk,Staci,Filipson,kF6'UTmnP336=,8
878,schermod@home.pl,Shay,Cherm,nV0%\Le#O,8
879,yhepheroe@google.pl,Yolanda,Hepher,rW0_9L?7SY6J0`<,9
880,rhannahof@fotki.com,Ramon,Hannah,bN0}@2J'dH!aZho,9
881,anuttingog@github.com,Abe,Nutting,sW9'M8g7C/1+!r?f,12
882,mizkoveskioh@theglobeandmail.com,Marcellina,Izkoveski,zN8(2Kz6*Wiy,11
883,tabsolemoi@disqus.com,Tomas,Absolem,dU1<xktI11a2g,8
884,eassenderoj@amazon.co.jp,Etta,Assender,aE8!7Y+`mU|Grq,9
885,kmyringok@google.fr,Kermit,Myring,xW5~g+aw,11
886,eellinghamol@sun.com,Elizabet,Ellingham,qN3/CuAQot,9
887,garchiboldom@mapy.cz,Gilligan,Archibold,tW2`4d|AP0T)u,8
888,hclampinon@123-reg.co.uk,Horacio,Clampin,"wU6""gb7k0rL)ol{",8
889,rhodintonoo@clickbank.net,Renell,Hodinton,"oW8@6w1""Sfn)8rr*",8
890,zwharramop@craigslist.org,Zorah,Wharram,"bH0""wdh|`,)cqzo%",8
891,ifolomkinoq@alexa.com,Ilysa,Folomkin,uJ5<+F>MOF`#Na3,8
892,acamdenor@fastcompany.com,Adrienne,Camden,tZ9|aprA~}`e0tN,8
893,cdorgonos@cnet.com,Cassey,Dorgon,"nF8,_mDFIK",11
894,cdacostaot@house.gov,Culley,Da Costa,zI3%Sxy6ydO<pP|,8
895,lromeroou@oracle.com,Lexi,Romero,"mM6.,R0ueEzt9$>",11
896,sglederov@time.com,Sidnee,Gleder,aV6%{iovX,12
897,ascarlettow@zdnet.com,Averell,Scarlett,sT5&tZ)xAd()O=,11
898,cbartaliox@yandex.ru,Cam,Bartali,wB2@&Gs\W_V{|(f>,12
899,ldillowayoy@icio.us,Lisette,Dilloway,nK6.}._=o*LO=/J4,10
900,lkixoz@google.co.uk,Laurette,Kix,hA5?/Z<+K*SO5t,10
901,dthiemep0@sciencedaily.com,Dill,Thieme,"vM8,1~yY}vN",10
902,mhorderp1@princeton.edu,Merrily,Horder,aM4)R*>J3k},10
903,dgennerichp2@washington.edu,Dwain,Gennerich,"kD1?Y'/Rwpn9""r",8
904,mverbruggep3@linkedin.com,Mario,Verbrugge,rZ6)1O9Y$,11
905,searpp4@cbsnews.com,Sashenka,Earp,hM2)Bq<)`|{n,12
906,idyep5@yellowbook.com,Isidora,Dye,"xE0,F{9yEC+3",10
907,gwestallp6@live.com,Gabbi,Westall,pN8{s(.3M=,11
908,mpinnp7@indiatimes.com,Mavra,Pinn,mI9(zE8KU|0`*k(C,8
909,bcucuzzap8@bizjournals.com,Briana,Cucuzza,"yS6#S*=""",11
910,tcumberp9@paginegialle.it,Tomi,Cumber,"lH6,@B>Z",10
911,eloyntonpa@paypal.com,Ethelind,Loynton,"rL6'cFgA_7,",9
912,ecomberbachpb@comsenz.com,Emmery,Comberbach,lF8/ui6F&\$ycs&N,8
913,kedbrookepc@bloomberg.com,Katherine,Edbrooke,dO8#Q>2zdh@j\Y,8
914,aayarspd@engadget.com,Alick,Ayars,wF5$9_3tcY,10
915,skaspe@gov.uk,Stacia,Kas,mE9*GaFS\y+a&,12
916,sudypf@digg.com,Saudra,Udy,xX5(D$Lw6}`/(HHx,8
917,manglishpg@craigslist.org,Marc,Anglish,bF8(/h=_Dm,8
918,nironph@cdc.gov,Nedda,Iron,nK3@)'1E~,12
919,ylimpertzpi@printfriendly.com,Yul,Limpertz,"nN6,1?S<R!2k+b",8
920,crobionpj@blogger.com,Claudianus,Robion,"mT6,AGz,5lF",9
921,jpfeffelpk@gov.uk,Joann,Pfeffel,"uN9{4""&Dc$wWI",8
922,fhaylorpl@army.mil,Filip,Haylor,lO3.{TztTIF,11
923,bplaschkepm@google.it,Booth,Plaschke,yX9#5cPi,12
924,rmustardpn@zdnet.com,Roxine,Mustard,vY2!70$E8!w%eZ,9
925,smattinglypo@marriott.com,Sonnie,Mattingly,sL2?pE*6D2jlW,11
926,fcopnerpp@furl.net,Ferrel,Copner,rX7!A9?}ypC,11
927,mknyvettpq@pinterest.com,Maurits,Knyvett,"kK2`*RVyh8""K>+3",9
928,mciementinipr@geocities.jp,Mona,Ciementini,"bT4_yFj,PH?""",11
929,askallsps@craigslist.org,Andree,Skalls,aK6{ZvRx'zk%hJ,8
930,haslumpt@wufoo.com,Harlan,Aslum,sQ9=?M?v=wuV,8
931,cquaintonpu@fotki.com,Caterina,Quainton,hB0+)I\$,10
932,msainspv@ibm.com,Magdalen,Sains,kZ4~WPQ5tKAq,11
933,rdoughtypw@livejournal.com,Raddy,Doughty,aS7+&lM!,8
934,hklessepx@lulu.com,Hollie,Klesse,"yR6)s6=+nO{=(0Z,",12
935,hlarderpy@ca.gov,Heath,Larder,uK9'wsQ#mj,10
936,ddochepz@wordpress.org,Debbie,Doche,zJ2.+cCSFi}/#Y\,9
937,brosthornq0@tinyurl.com,Brucie,Rosthorn,wD7$g#i&DJ!mwa2U,8
938,jgoodmanq1@cam.ac.uk,Jobie,Goodman,yM3!B5?&|&R'>FE,11
939,mhavocq2@gmpg.org,Mead,Havoc,yM4$%.I.O6yr,8
940,rdupreq3@hubpages.com,Rice,Dupre,yF7?\zC0q}zK.JNH,10
941,agroseq4@netlog.com,Aldo,Grose,uR9_pwT`BSwxi,10
942,dfroodq5@un.org,Denna,Frood,kO3}SW0zTW,12
943,hglennieq6@thetimes.co.uk,Hasheem,Glennie,hG3=NZ_=FZ!\&e,10
944,ggorstq7@businessinsider.com,Godard,Gorst,"vL1`!'?""'",10
945,dlackq8@microsoft.com,Doyle,Lack,mR2?A8Iolr,9
946,eturnbullq9@blinklist.com,Erin,Turnbull,iF7|J=I?,12
947,dalbrookeqa@dot.gov,Dalia,Albrooke,nL1#ms7i1,9
948,rvallerineqb@arstechnica.com,Ravi,Vallerine,xC4?HGu.Q9Rfkn,8
949,hsuermeierqc@sogou.com,Hunt,Suermeier,aE0\`lp$,8
950,ffrancinoqd@addtoany.com,Farlay,Francino,sH5~(1SpK,10
951,vcreykeqe@reverbnation.com,Valery,Creyke,gN9.yJ\S,11
952,cpattieqf@slideshare.net,Costa,Pattie,bT6*kN@j3|h(3Se,12
953,tcoucherqg@google.co.uk,Tomlin,Coucher,tA5>1_c?=bQgD,12
954,gtemplemanqh@nhs.uk,Gusella,Templeman,bG3\xs>5bTY6P@@,8
955,vtodqi@wordpress.org,Vinni,Tod,jI3+5/ZDwFdtn>L,10
956,asimysonqj@taobao.com,Annamarie,Simyson,pR1=c7oBp4x<,10
957,thellicarqk@amazon.co.uk,Terencio,Hellicar,"hB1#s~n~tO,*",12
958,jnurseql@istockphoto.com,Jeanine,Nurse,dS9#V*8eyOU#`8*,10
959,vparysiakqm@infoseek.co.jp,Vevay,Parysiak,nP9.C|Y+Wp`y,11
960,wneilandsqn@ycombinator.com,Wendel,Neilands,uV2=d)\Q{M0\,10
961,cclaveyqo@chronoengine.com,Caresse,Clavey,dY0?WAD*U1d,9
962,cchaimqp@google.pl,Chane,Chaim,sY0_`k<m}96u,8
963,amcgivenqq@cnbc.com,Adelind,McGiven,wI8@Fe1VD8dTiv<D,10
964,ehassurqr@irs.gov,Evie,Hassur,eV7>#qoVK7}RTc7,9
965,freiskqs@godaddy.com,Franni,Reisk,"zM5""O""zz)92$*@V*",8
966,gcapinettiqt@linkedin.com,Graig,Capinetti,uL1>Xa7`T$in_,11
967,foldingqu@alexa.com,Flem,Olding,"pQ0|tGMW+|,f'",8
968,abalshawqv@ftc.gov,Alayne,Balshaw,eQ7`f?QLe6A~o_K,11
969,lmunganqw@bbb.org,Leigh,Mungan,lH3?*)xG71%GU#,8
970,smadeleyqx@patch.com,Skippy,Madeley,rI7_vEbA),10
971,mkinderqy@businessinsider.com,Mead,Kinder,eG6+WC0i~~gXw@W,9
972,ctrassqz@nhs.uk,Clerissa,Trass,rS7\OG#p`w,11
973,tbeiner0@reverbnation.com,Terencio,Beine,oH7`}lvFat,11
974,nfarloer1@angelfire.com,Noe,Farloe,dP8/KTDCzx/fMi),12
975,llawlyr2@webs.com,Lefty,Lawly,yG2.we7)Y&+R,12
976,fscrowstonr3@yahoo.com,Farra,Scrowston,fT4\piod>uiO,9
977,cluquetr4@walmart.com,Clarabelle,Luquet,cA0.JaRb8WQHz,11
978,vstouter5@flavors.me,Vittoria,Stoute,dC9=nH14>F>7MJ,12
979,tpetrollir6@cdbaby.com,Tyne,Petrolli,oM3@'9gaHQ+i@,12
980,abaxterr7@wsj.com,Arda,Baxter,yG2=YH3Z/`,8
981,hsanjar8@auda.org.au,Harman,Sanja,"jG7,I$W|vq+/Ag=h",8
982,pladloer9@illinois.edu,Petronella,Ladloe,nB3\Q?0dYHs=<,10
983,bkhrishtafovichra@scribd.com,Barret,Khrishtafovich,fA5'oCVT|s,12
984,fgirkrb@netlog.com,Flem,Girk,"bU8!\1H#1m\g,",8
985,ainskipprc@netlog.com,Alysa,Inskipp,jV7}gG0Ylfb!m7B,10
986,shonywillrd@fc2.com,Silvie,Honywill,"jA2,4G6&P",10
987,geichmannre@pen.io,Griffin,Eichmann,nR3'E3ai,10
988,lgascoyenrf@noaa.gov,Leonardo,Gascoyen,sE1@M$Go)Q,11
989,bpurkisrg@infoseek.co.jp,Bjorn,Purkis,jH0/eG#<=2G,10
990,tmollinrh@google.co.uk,Tandi,Mollin,rN3\e8X6/Vcj>CO,11
991,csinclairri@ca.gov,Christophorus,Sinclair,wD3`lss>Pm5'%HV,10
992,atringrj@google.ca,Asia,Tring,sS3{9}b_)B?}RS,12
993,abettisrk@usa.gov,Angeline,Bettis,gR3?g0g~gz+w$oCX,11
994,ebengtssonrl@thetimes.co.uk,Evita,Bengtsson,vG0_nR{J\,9
995,kologanrm@barnesandnoble.com,Kamilah,O'Logan,fU4~PB#KHp0s,12
996,eshambrokern@hubpages.com,Elmore,Shambroke,gC5!xBWMK6C+,10
997,vdonawayro@tripadvisor.com,Vevay,Donaway,"cM2?)._0K_""wjU",11
998,aspinksrp@1und1.de,Astrid,Spinks,vA4<\@lDS5,12
999,gciottoirq@opera.com,Geri,Ciottoi,"xK5}b$Y""1si*0E",8
1000,gjolifferr@networkadvertising.org,Goldy,Joliffe,mG8+s&t6EL5Y,9
